17,6,negative
17,7,negative
17,3,negative
17,5,negative
17,4,negative
31,1,positive
43,6,negative
43,7,negative
43,3,irrelevant
43,5,irrelevant
43,4,negative
44,7,irrelevant
44,3,irrelevant
44,5,irrelevant
44,4,irrelevant
62,1,negative
65,6,irrelevant
65,3,negative
65,4,positive
65,5,irrelevant
99,1,positive
148,6,irrelevant
148,7,negative
148,3,negative
148,5,irrelevant
148,4,negative
172,1,positive
245,1,irrelevant
302,6,irrelevant
302,7,irrelevant
302,3,irrelevant
302,5,irrelevant
302,4,irrelevant
355,6,irrelevant
355,7,irrelevant
355,3,irrelevant
355,5,irrelevant
355,4,irrelevant
371,6,irrelevant
371,7,irrelevant
371,3,irrelevant
371,5,irrelevant
371,4,irrelevant
397,6,positive
397,7,negative
397,3,negative
397,5,negative
397,4,positive
399,6,negative
399,3,negative
399,1,negative
399,4,negative
399,5,negative
403,1,positive
410,6,irrelevant
410,7,irrelevant
410,3,irrelevant
410,5,irrelevant
410,4,irrelevant
417,6,negative
417,7,negative
417,3,negative
417,5,negative
417,4,negative
449,11,negative
451,11,negative
451,3,negative
452,6,positive
452,3,positive
452,1,positive
452,5,positive
452,4,positive
455,6,negative
455,7,negative
455,11,negative
455,10,positive
455,3,negative
455,1,negative
455,4,negative
455,5,negative
456,6,negative
456,7,positive
456,11,positive
456,4,positive
456,5,irrelevant
459,6,positive
459,7,positive
459,10,positive
459,3,irrelevant
459,4,positive
459,5,positive
460,3,irrelevant
462,6,positive
462,7,positive
462,11,positive
462,3,positive
462,4,irrelevant
462,5,irrelevant
464,6,negative
464,7,negative
464,10,negative
464,3,negative
464,1,negative
464,4,positive
464,5,negative
471,6,negative
471,10,negative
471,3,negative
471,5,negative
471,4,negative
477,6,negative
477,7,negative
477,11,negative
477,3,negative
477,4,negative
477,5,negative
479,6,negative
479,7,negative
479,11,positive
479,3,negative
479,4,negative
479,5,negative
486,11,positive
499,6,irrelevant
499,7,irrelevant
499,10,negative
499,3,irrelevant
499,4,irrelevant
499,5,irrelevant
512,11,irrelevant
512,3,irrelevant
513,11,irrelevant
513,3,irrelevant
515,6,irrelevant
515,7,irrelevant
515,11,irrelevant
515,3,irrelevant
515,4,irrelevant
515,5,irrelevant
545,11,irrelevant
545,3,irrelevant
549,6,irrelevant
549,7,irrelevant
549,11,irrelevant
549,3,irrelevant
549,4,irrelevant
549,5,irrelevant
563,6,irrelevant
563,3,irrelevant
563,5,irrelevant
563,4,irrelevant
578,6,irrelevant
578,7,irrelevant
578,10,irrelevant
578,3,irrelevant
578,4,irrelevant
578,5,irrelevant
580,6,positive
580,7,positive
580,11,negative
580,10,negative
580,3,negative
580,4,negative
580,5,negative
588,11,positive
588,3,negative
589,11,irrelevant
589,3,irrelevant
590,6,positive
590,7,negative
590,11,negative
590,10,negative
590,3,negative
590,4,negative
590,5,negative
591,6,irrelevant
591,11,irrelevant
591,7,irrelevant
591,10,irrelevant
591,3,irrelevant
591,4,irrelevant
591,5,irrelevant
594,6,irrelevant
594,7,irrelevant
594,10,irrelevant
594,3,irrelevant
594,4,irrelevant
594,5,irrelevant
595,11,irrelevant
595,3,irrelevant
600,11,irrelevant
600,3,irrelevant
617,6,irrelevant
617,11,positive
617,3,irrelevant
617,4,irrelevant
617,5,irrelevant
619,6,irrelevant
619,7,positive
619,11,negative
619,3,irrelevant
619,4,irrelevant
619,5,irrelevant
660,6,irrelevant
660,7,irrelevant
660,11,irrelevant
660,3,irrelevant
660,5,irrelevant
673,6,irrelevant
673,7,irrelevant
673,11,irrelevant
673,3,irrelevant
673,4,irrelevant
673,5,irrelevant
677,6,irrelevant
677,7,irrelevant
677,3,irrelevant
677,4,irrelevant
677,5,irrelevant
681,6,negative
681,7,negative
681,11,negative
681,10,negative
681,3,negative
681,5,negative
682,6,irrelevant
682,7,irrelevant
682,11,positive
682,10,irrelevant
682,3,irrelevant
682,5,irrelevant
687,6,negative
687,7,negative
687,11,negative
687,10,positive
687,3,positive
687,5,negative
689,6,irrelevant
689,7,irrelevant
689,11,irrelevant
689,10,irrelevant
689,3,irrelevant
689,5,irrelevant
742,6,negative
742,7,negative
742,11,positive
742,3,positive
742,5,irrelevant
779,6,irrelevant
779,7,irrelevant
779,11,irrelevant
779,3,irrelevant
779,5,irrelevant
783,6,irrelevant
783,7,irrelevant
783,11,irrelevant
783,10,negative
783,3,irrelevant
783,5,irrelevant
800,6,negative
800,7,negative
800,11,negative
800,3,negative
833,6,irrelevant
833,7,positive
833,11,negative
833,3,negative
833,5,negative
847,6,irrelevant
847,7,irrelevant
847,11,irrelevant
847,3,irrelevant
847,5,irrelevant
849,6,irrelevant
849,7,irrelevant
849,11,irrelevant
849,3,irrelevant
849,5,irrelevant
858,6,irrelevant
858,7,irrelevant
858,11,irrelevant
858,5,irrelevant
864,6,irrelevant
864,7,positive
864,11,positive
864,3,negative
864,5,positive
870,6,negative
870,7,positive
870,11,positive
870,3,negative
870,5,negative
872,6,negative
872,7,negative
872,11,negative
872,3,negative
872,5,negative
874,6,positive
874,7,positive
874,11,positive
874,3,positive
874,5,positive
907,6,irrelevant
907,7,irrelevant
907,11,irrelevant
907,3,irrelevant
907,5,irrelevant
942,6,irrelevant
942,7,irrelevant
942,11,irrelevant
942,3,irrelevant
963,6,irrelevant
963,7,irrelevant
963,11,irrelevant
963,3,irrelevant
963,5,irrelevant
969,6,irrelevant
969,7,irrelevant
969,11,irrelevant
969,3,irrelevant
969,5,irrelevant
978,6,irrelevant
978,7,irrelevant
978,11,irrelevant
978,3,irrelevant
978,5,irrelevant
979,6,irrelevant
979,7,irrelevant
979,11,irrelevant
979,3,irrelevant
979,5,irrelevant
980,6,irrelevant
980,7,irrelevant
980,11,irrelevant
980,3,irrelevant
980,5,irrelevant
983,6,irrelevant
983,7,irrelevant
983,11,irrelevant
983,3,irrelevant
983,5,irrelevant
987,6,negative
987,7,negative
987,11,negative
987,3,negative
987,19,negative
987,5,irrelevant
987,4,irrelevant
988,6,positive
988,7,positive
988,11,positive
988,19,positive
988,5,irrelevant
989,6,negative
989,10,positive
989,7,negative
989,11,positive
989,3,negative
989,19,negative
989,5,negative
989,4,negative
992,6,negative
992,10,irrelevant
992,7,positive
992,11,positive
992,3,irrelevant
992,19,irrelevant
992,5,irrelevant
992,4,positive
994,6,irrelevant
994,7,irrelevant
994,11,irrelevant
994,3,irrelevant
994,19,negative
994,5,irrelevant
994,4,irrelevant
995,6,irrelevant
995,7,irrelevant
995,11,irrelevant
995,3,irrelevant
995,19,irrelevant
995,5,irrelevant
995,4,irrelevant
997,6,irrelevant
997,7,irrelevant
997,11,irrelevant
997,3,irrelevant
997,19,irrelevant
997,5,irrelevant
998,6,positive
998,7,positive
998,11,positive
998,19,negative
998,4,irrelevant
999,6,negative
999,10,positive
999,7,positive
999,11,positive
999,3,negative
999,19,negative
999,5,positive
999,4,negative
1000,6,irrelevant
1000,7,irrelevant
1000,11,irrelevant
1000,3,irrelevant
1000,19,negative
1000,5,irrelevant
1000,4,irrelevant
1001,6,irrelevant
1001,7,irrelevant
1001,11,irrelevant
1001,19,irrelevant
1001,5,irrelevant
1001,4,irrelevant
1002,6,irrelevant
1002,10,irrelevant
1002,7,irrelevant
1002,11,irrelevant
1002,3,irrelevant
1002,19,irrelevant
1002,5,irrelevant
1002,4,irrelevant
1004,11,negative
1004,3,negative
1005,6,positive
1005,11,positive
1005,10,irrelevant
1005,7,positive
1005,3,positive
1005,5,irrelevant
1005,4,positive
1007,3,negative
1010,6,positive
1010,7,positive
1010,11,positive
1010,3,positive
1010,4,positive
1010,5,positive
1011,6,negative
1011,11,positive
1011,10,irrelevant
1011,7,positive
1011,3,negative
1011,5,negative
1011,4,negative
1012,11,negative
1015,11,positive
1015,3,irrelevant
1017,6,negative
1017,11,irrelevant
1017,10,irrelevant
1017,7,negative
1017,3,irrelevant
1017,5,irrelevant
1020,6,positive
1020,11,positive
1020,7,positive
1020,3,positive
1020,5,positive
1020,4,positive
1025,6,negative
1025,11,positive
1025,10,irrelevant
1025,7,negative
1025,3,negative
1025,5,negative
1025,4,negative
1029,3,irrelevant
1036,6,irrelevant
1036,11,irrelevant
1036,10,irrelevant
1036,7,irrelevant
1036,3,irrelevant
1036,5,irrelevant
1036,4,irrelevant
1043,11,irrelevant
1049,11,irrelevant
1055,11,irrelevant
1061,11,irrelevant
1066,6,irrelevant
1066,11,irrelevant
1066,10,irrelevant
1066,7,irrelevant
1066,3,irrelevant
1066,5,irrelevant
1066,4,positive
1116,6,negative
1116,11,positive
1116,10,irrelevant
1116,7,negative
1116,3,positive
1116,1,positive
1116,5,negative
1116,4,negative
1119,6,positive
1119,11,positive
1119,10,irrelevant
1119,7,negative
1119,3,positive
1119,4,positive
1119,5,positive
1132,6,irrelevant
1132,11,irrelevant
1132,10,irrelevant
1132,7,irrelevant
1132,3,irrelevant
1132,4,irrelevant
1132,5,irrelevant
1142,6,irrelevant
1142,11,irrelevant
1142,10,irrelevant
1142,7,irrelevant
1142,3,irrelevant
1142,5,irrelevant
1142,4,irrelevant
1146,6,negative
1146,11,positive
1146,7,negative
1146,3,negative
1146,4,negative
1146,5,negative
1149,6,negative
1149,7,negative
1149,11,negative
1149,3,negative
1149,5,irrelevant
1149,4,negative
1151,6,irrelevant
1151,11,irrelevant
1151,7,irrelevant
1151,3,irrelevant
1151,4,irrelevant
1151,5,irrelevant
1152,6,irrelevant
1152,7,positive
1152,11,negative
1152,3,positive
1152,5,irrelevant
1152,4,positive
1153,6,negative
1153,11,negative
1153,10,positive
1153,7,negative
1153,3,negative
1153,4,negative
1153,5,negative
1158,6,positive
1158,11,positive
1158,7,positive
1158,3,irrelevant
1158,5,irrelevant
1160,6,negative
1160,7,negative
1160,11,irrelevant
1160,3,irrelevant
1160,5,irrelevant
1160,4,irrelevant
1163,6,irrelevant
1163,7,negative
1163,11,positive
1163,3,negative
1163,5,irrelevant
1163,4,irrelevant
1199,6,irrelevant
1199,11,irrelevant
1199,7,irrelevant
1199,3,irrelevant
1199,4,irrelevant
1199,5,irrelevant
1204,6,irrelevant
1204,7,positive
1204,11,irrelevant
1204,5,irrelevant
1204,4,irrelevant
1223,6,irrelevant
1223,7,irrelevant
1223,11,irrelevant
1223,3,irrelevant
1223,5,irrelevant
1223,4,irrelevant
1238,6,irrelevant
1238,7,irrelevant
1238,11,irrelevant
1238,3,negative
1238,5,negative
1238,4,irrelevant
1243,6,irrelevant
1243,11,irrelevant
1243,10,irrelevant
1243,7,irrelevant
1243,3,irrelevant
1243,4,irrelevant
1243,5,irrelevant
1248,6,irrelevant
1248,11,irrelevant
1248,7,negative
1248,3,negative
1248,5,negative
1248,4,irrelevant
1249,6,irrelevant
1249,11,irrelevant
1249,7,irrelevant
1249,3,irrelevant
1249,4,irrelevant
1249,5,irrelevant
1258,6,positive
1258,11,positive
1258,7,positive
1258,3,positive
1258,4,positive
1258,5,negative
1260,6,negative
1260,11,negative
1260,7,irrelevant
1260,3,negative
1260,4,negative
1260,5,negative
1263,6,irrelevant
1263,7,irrelevant
1263,11,irrelevant
1263,3,negative
1263,5,negative
1263,4,irrelevant
1265,6,irrelevant
1265,11,irrelevant
1265,7,irrelevant
1265,3,irrelevant
1265,4,irrelevant
1265,5,irrelevant
1268,6,irrelevant
1268,7,irrelevant
1268,11,irrelevant
1268,3,negative
1268,5,negative
1268,4,irrelevant
1269,6,irrelevant
1269,11,irrelevant
1269,7,irrelevant
1269,3,irrelevant
1269,4,irrelevant
1269,5,irrelevant
1270,6,positive
1270,7,negative
1270,11,negative
1270,5,irrelevant
1270,4,irrelevant
1278,6,negative
1278,7,negative
1278,11,negative
1278,3,negative
1278,5,irrelevant
1278,4,negative
1288,6,positive
1288,7,positive
1288,11,positive
1288,3,positive
1288,4,negative
1288,5,positive
1290,6,irrelevant
1290,7,negative
1290,11,irrelevant
1290,3,negative
1290,4,positive
1290,5,irrelevant
1297,6,irrelevant
1297,7,negative
1297,11,negative
1297,3,negative
1297,4,positive
1297,5,irrelevant
1298,6,positive
1298,7,negative
1298,11,positive
1298,4,positive
1298,5,positive
1321,6,positive
1321,7,irrelevant
1321,11,irrelevant
1321,3,irrelevant
1321,4,irrelevant
1321,5,irrelevant
1353,6,irrelevant
1353,7,irrelevant
1353,11,irrelevant
1353,3,irrelevant
1353,4,irrelevant
1353,5,irrelevant
1359,7,irrelevant
1359,11,irrelevant
1359,3,irrelevant
1359,4,irrelevant
1359,5,negative
1421,6,irrelevant
1421,7,irrelevant
1421,11,irrelevant
1421,3,irrelevant
1421,4,irrelevant
1421,5,irrelevant
1423,6,negative
1423,7,negative
1423,11,irrelevant
1423,3,negative
1423,4,negative
1428,6,negative
1428,7,irrelevant
1428,11,positive
1428,3,negative
1428,4,negative
1428,5,irrelevant
1440,6,irrelevant
1440,7,irrelevant
1440,11,irrelevant
1440,3,irrelevant
1440,4,irrelevant
1440,5,irrelevant
1441,6,irrelevant
1441,7,irrelevant
1441,11,irrelevant
1441,3,irrelevant
1441,4,irrelevant
1441,5,irrelevant
1453,6,negative
1453,7,negative
1453,11,negative
1453,3,negative
1453,4,negative
1453,5,negative
1454,6,irrelevant
1454,7,negative
1454,11,negative
1454,3,negative
1454,4,negative
1454,5,irrelevant
1455,6,positive
1455,7,positive
1455,11,positive
1455,3,positive
1455,4,positive
1455,5,positive
1468,6,negative
1468,7,negative
1468,11,positive
1468,3,positive
1468,4,positive
1468,5,positive
1532,6,irrelevant
1532,7,irrelevant
1532,11,irrelevant
1532,3,irrelevant
1532,4,irrelevant
1532,5,irrelevant
1559,6,irrelevant
1559,7,irrelevant
1559,11,irrelevant
1559,3,irrelevant
1559,4,irrelevant
1559,5,irrelevant
1561,6,irrelevant
1561,7,negative
1561,11,positive
1561,3,irrelevant
1561,4,negative
1561,5,negative
1576,6,irrelevant
1576,7,irrelevant
1576,11,irrelevant
1576,3,irrelevant
1576,4,irrelevant
1576,5,irrelevant
1603,6,negative
1603,7,negative
1603,11,positive
1603,3,negative
1603,4,negative
1603,5,negative
1610,6,irrelevant
1610,7,irrelevant
1610,11,irrelevant
1610,3,irrelevant
1610,4,irrelevant
1610,5,irrelevant
1622,6,irrelevant
1622,7,irrelevant
1622,11,irrelevant
1622,3,irrelevant
1622,4,irrelevant
1622,5,irrelevant
1624,6,negative
1624,7,negative
1624,11,negative
1624,3,negative
1624,4,negative
1624,5,negative
1626,21,irrelevant
1626,6,irrelevant
1626,11,irrelevant
1626,7,positive
1626,20,irrelevant
1626,19,negative
1626,4,negative
1626,5,irrelevant
1638,21,negative
1638,6,negative
1638,11,irrelevant
1638,7,negative
1638,19,negative
1638,3,negative
1638,4,irrelevant
1638,5,irrelevant
1639,21,negative
1639,6,positive
1639,11,negative
1639,10,positive
1639,7,negative
1639,20,negative
1639,19,negative
1639,4,negative
1639,5,irrelevant
1642,21,irrelevant
1642,6,irrelevant
1642,11,irrelevant
1642,7,positive
1642,19,irrelevant
1642,3,irrelevant
1642,4,irrelevant
1642,5,irrelevant
1668,21,negative
1668,6,irrelevant
1668,11,positive
1668,10,positive
1668,7,positive
1668,20,irrelevant
1668,19,irrelevant
1668,4,irrelevant
1668,5,irrelevant
1781,21,irrelevant
1781,6,irrelevant
1781,11,irrelevant
1781,10,irrelevant
1781,7,irrelevant
1781,20,irrelevant
1781,19,negative
1781,4,irrelevant
1781,5,irrelevant
1798,21,irrelevant
1798,6,irrelevant
1798,11,irrelevant
1798,7,irrelevant
1798,19,irrelevant
1798,3,irrelevant
1798,4,irrelevant
1798,5,irrelevant
1820,21,positive
1820,6,irrelevant
1820,11,positive
1820,7,positive
1820,20,positive
1820,19,positive
1820,3,positive
1820,4,positive
1820,5,irrelevant
1827,21,negative
1827,6,negative
1827,11,positive
1827,7,positive
1827,20,positive
1827,19,negative
1827,3,negative
1827,4,negative
1827,5,positive
1831,21,irrelevant
1831,6,irrelevant
1831,11,irrelevant
1831,7,irrelevant
1831,19,irrelevant
1831,3,irrelevant
1831,4,irrelevant
1831,5,irrelevant
1837,21,irrelevant
1837,6,irrelevant
1837,11,irrelevant
1837,7,irrelevant
1837,19,irrelevant
1837,3,irrelevant
1837,4,irrelevant
1837,5,irrelevant
1847,21,negative
1847,6,negative
1847,11,negative
1847,7,negative
1847,19,negative
1847,3,negative
1847,5,negative
1847,4,negative
1848,6,negative
1848,11,positive
1848,19,negative
1848,5,irrelevant
1848,4,positive
1851,6,irrelevant
1851,11,positive
1851,7,positive
1851,5,irrelevant
1851,4,irrelevant
1854,21,positive
1854,6,positive
1854,11,positive
1854,7,negative
1854,19,positive
1854,3,positive
1854,5,negative
1854,4,positive
1875,6,negative
1875,11,negative
1875,7,negative
1875,19,negative
1875,5,negative
1875,4,irrelevant
1903,6,irrelevant
1903,11,irrelevant
1903,7,irrelevant
1903,19,irrelevant
1903,3,irrelevant
1903,5,irrelevant
1903,4,irrelevant
1911,21,irrelevant
1911,6,irrelevant
1911,11,irrelevant
1911,7,positive
1911,19,irrelevant
1911,3,irrelevant
1911,5,irrelevant
1911,4,irrelevant
1956,6,irrelevant
1956,11,irrelevant
1956,7,irrelevant
1956,19,irrelevant
1956,3,irrelevant
1956,5,irrelevant
1956,4,irrelevant
1969,21,negative
1969,6,negative
1969,11,negative
1969,7,negative
1969,19,negative
1969,3,negative
1969,5,negative
1969,4,negative
1974,21,negative
1974,6,negative
1974,11,positive
1974,7,negative
1974,19,positive
1974,3,negative
1974,5,negative
1974,4,positive
1985,21,negative
1985,6,negative
1985,11,negative
1985,7,negative
1985,19,negative
1985,3,negative
1985,5,positive
1985,4,negative
1997,21,irrelevant
1997,6,irrelevant
1997,11,irrelevant
1997,7,irrelevant
1997,19,irrelevant
1997,3,irrelevant
1997,5,irrelevant
1997,4,irrelevant
2005,21,negative
2005,6,positive
2005,11,negative
2005,7,irrelevant
2005,19,positive
2005,5,irrelevant
2005,4,irrelevant
2006,21,positive
2006,6,positive
2006,11,positive
2006,7,positive
2006,19,positive
2006,3,positive
2006,5,irrelevant
2006,4,positive
2010,21,irrelevant
2010,6,irrelevant
2010,11,irrelevant
2010,7,irrelevant
2010,19,negative
2010,3,irrelevant
2010,5,irrelevant
2010,4,irrelevant
2015,21,irrelevant
2015,6,irrelevant
2015,11,irrelevant
2015,7,irrelevant
2015,20,irrelevant
2015,19,irrelevant
2015,3,irrelevant
2015,5,irrelevant
2015,4,irrelevant
2016,21,negative
2016,6,negative
2016,11,positive
2016,19,negative
2016,3,negative
2016,5,positive
2016,4,negative
2018,21,irrelevant
2018,6,irrelevant
2018,11,irrelevant
2018,19,irrelevant
2018,3,irrelevant
2018,5,irrelevant
2018,4,irrelevant
2021,21,negative
2021,6,irrelevant
2021,11,irrelevant
2021,19,negative
2021,3,negative
2021,5,irrelevant
2021,4,irrelevant
2024,21,negative
2024,6,negative
2024,11,irrelevant
2024,19,negative
2024,3,negative
2024,5,negative
2024,4,negative
2032,21,irrelevant
2032,6,irrelevant
2032,11,irrelevant
2032,7,irrelevant
2032,19,irrelevant
2032,3,irrelevant
2032,5,irrelevant
2032,4,irrelevant
2034,21,irrelevant
2034,6,irrelevant
2034,11,irrelevant
2034,19,irrelevant
2034,3,irrelevant
2034,5,irrelevant
2034,4,irrelevant
2036,21,irrelevant
2036,6,negative
2036,11,irrelevant
2036,7,negative
2036,19,irrelevant
2036,3,negative
2036,4,irrelevant
2037,21,irrelevant
2037,6,irrelevant
2037,11,irrelevant
2037,19,irrelevant
2037,3,irrelevant
2037,5,irrelevant
2037,4,irrelevant
2038,21,positive
2038,6,positive
2038,11,positive
2038,7,positive
2038,20,positive
2038,19,positive
2038,3,positive
2038,5,positive
2038,4,positive
2039,21,negative
2039,6,negative
2039,11,negative
2039,7,negative
2039,19,negative
2039,3,negative
2039,5,negative
2039,4,negative
2041,21,positive
2041,6,positive
2041,11,positive
2041,7,positive
2041,20,positive
2041,19,positive
2041,3,positive
2041,5,positive
2041,4,positive
2043,21,negative
2043,6,negative
2043,11,negative
2043,7,negative
2043,20,negative
2043,19,negative
2043,3,negative
2043,5,negative
2043,4,negative
2054,21,irrelevant
2054,6,irrelevant
2054,11,irrelevant
2054,19,irrelevant
2054,3,negative
2054,5,irrelevant
2054,4,irrelevant
2055,21,negative
2055,6,negative
2055,11,negative
2055,7,negative
2055,19,negative
2055,3,positive
2055,5,negative
2055,4,positive
2059,21,negative
2059,6,negative
2059,11,irrelevant
2059,20,negative
2059,19,negative
2059,3,negative
2059,5,negative
2059,4,irrelevant
2061,21,irrelevant
2061,6,irrelevant
2061,11,irrelevant
2061,19,irrelevant
2061,3,irrelevant
2061,5,irrelevant
2061,4,irrelevant
2067,21,irrelevant
2067,6,irrelevant
2067,11,irrelevant
2067,7,irrelevant
2067,20,irrelevant
2067,19,irrelevant
2067,3,irrelevant
2067,5,irrelevant
2067,4,irrelevant
2069,21,irrelevant
2069,6,irrelevant
2069,11,irrelevant
2069,19,irrelevant
2069,3,irrelevant
2069,5,irrelevant
2069,4,irrelevant
2077,21,irrelevant
2077,6,irrelevant
2077,11,irrelevant
2077,7,irrelevant
2077,20,irrelevant
2077,19,irrelevant
2077,3,irrelevant
2077,5,irrelevant
2077,4,irrelevant
2109,21,irrelevant
2109,6,irrelevant
2109,11,irrelevant
2109,7,irrelevant
2109,20,irrelevant
2109,19,irrelevant
2109,3,irrelevant
2109,5,irrelevant
2109,4,irrelevant
2116,21,negative
2116,6,negative
2116,11,irrelevant
2116,20,irrelevant
2116,19,negative
2116,4,negative
2117,21,positive
2117,6,positive
2117,11,positive
2117,19,positive
2117,3,positive
2117,5,positive
2117,4,positive
2118,21,positive
2118,6,positive
2118,11,positive
2118,7,positive
2118,19,positive
2118,3,positive
2118,5,positive
2118,4,positive
2120,21,positive
2120,6,positive
2120,11,positive
2120,19,irrelevant
2120,3,positive
2120,5,positive
2120,4,positive
2121,21,positive
2121,6,positive
2121,11,positive
2121,7,positive
2121,20,positive
2121,19,positive
2121,3,positive
2121,5,positive
2121,4,positive
2123,21,negative
2123,6,positive
2123,11,negative
2123,7,negative
2123,19,positive
2123,3,irrelevant
2123,5,irrelevant
2123,4,irrelevant
2128,21,irrelevant
2128,6,irrelevant
2128,11,irrelevant
2128,7,negative
2128,20,positive
2128,19,irrelevant
2128,4,irrelevant
2132,21,irrelevant
2132,6,irrelevant
2132,11,irrelevant
2132,7,irrelevant
2132,20,irrelevant
2132,19,irrelevant
2132,3,irrelevant
2132,5,irrelevant
2132,4,irrelevant
2136,24,negative
2136,6,negative
2136,11,negative
2136,25,positive
2136,19,negative
2136,3,negative
2136,5,positive
2136,4,negative
2139,24,negative
2139,6,negative
2139,11,negative
2139,10,positive
2139,7,negative
2139,25,negative
2139,19,negative
2139,5,irrelevant
2139,4,negative
2145,24,negative
2145,11,positive
2145,7,negative
2145,25,negative
2145,19,negative
2145,3,positive
2145,5,negative
2145,4,positive
2149,24,negative
2149,11,irrelevant
2149,10,irrelevant
2149,7,positive
2149,25,positive
2149,19,irrelevant
2149,3,positive
2149,5,irrelevant
2149,4,positive
2152,24,positive
2152,11,positive
2152,7,positive
2152,25,positive
2152,19,positive
2152,3,positive
2152,5,positive
2152,4,positive
2153,25,irrelevant
2153,19,irrelevant
2153,3,irrelevant
2153,5,irrelevant
2153,4,negative
2156,24,positive
2156,6,positive
2156,7,positive
2156,11,positive
2156,25,positive
2156,19,irrelevant
2156,3,irrelevant
2156,5,irrelevant
2156,4,irrelevant
2172,24,positive
2172,6,positive
2172,7,positive
2172,11,positive
2172,25,positive
2172,19,positive
2172,3,positive
2172,5,positive
2172,4,positive
2191,24,negative
2191,11,negative
2191,10,negative
2191,7,negative
2191,25,negative
2191,19,negative
2191,3,negative
2191,5,negative
2191,4,negative
2201,24,negative
2201,6,negative
2201,11,negative
2201,25,negative
2201,19,negative
2201,3,negative
2201,5,negative
2201,4,negative
2209,24,irrelevant
2209,11,irrelevant
2209,10,irrelevant
2209,7,irrelevant
2209,25,irrelevant
2209,19,irrelevant
2209,3,irrelevant
2209,5,irrelevant
2209,4,irrelevant
2220,24,irrelevant
2220,6,irrelevant
2220,7,irrelevant
2220,11,irrelevant
2220,25,irrelevant
2220,19,irrelevant
2220,3,irrelevant
2220,5,irrelevant
2220,4,irrelevant
2221,24,positive
2221,11,irrelevant
2221,10,irrelevant
2221,7,positive
2221,25,positive
2221,19,irrelevant
2221,3,irrelevant
2221,5,irrelevant
2221,4,irrelevant
2241,24,positive
2241,11,positive
2241,7,positive
2241,25,positive
2241,19,irrelevant
2241,3,negative
2241,5,positive
2241,4,positive
2261,24,irrelevant
2261,6,irrelevant
2261,11,irrelevant
2261,25,irrelevant
2261,19,irrelevant
2261,3,irrelevant
2261,5,irrelevant
2261,4,irrelevant
2273,24,positive
2273,11,positive
2273,10,positive
2273,7,positive
2273,25,positive
2273,19,positive
2273,3,positive
2273,5,positive
2273,4,positive
2275,24,positive
2275,11,positive
2275,10,negative
2275,7,positive
2275,25,positive
2275,19,positive
2275,3,positive
2275,5,positive
2275,4,positive
2276,24,positive
2276,6,irrelevant
2276,11,negative
2276,25,irrelevant
2276,19,negative
2276,3,positive
2276,5,irrelevant
2276,4,positive
2280,24,positive
2280,6,positive
2280,11,irrelevant
2280,25,positive
2280,19,positive
2280,3,positive
2280,5,positive
2280,4,positive
2286,24,irrelevant
2286,11,irrelevant
2286,10,irrelevant
2286,7,irrelevant
2286,25,irrelevant
2286,19,irrelevant
2286,3,irrelevant
2286,5,irrelevant
2286,4,irrelevant
2288,24,irrelevant
2288,6,irrelevant
2288,7,irrelevant
2288,11,irrelevant
2288,25,irrelevant
2288,19,irrelevant
2288,3,irrelevant
2288,5,irrelevant
2288,4,irrelevant
2289,24,positive
2289,6,irrelevant
2289,7,positive
2289,11,irrelevant
2289,25,irrelevant
2289,19,positive
2289,3,irrelevant
2289,5,irrelevant
2289,4,irrelevant
2293,24,positive
2293,11,irrelevant
2293,10,positive
2293,7,positive
2293,25,irrelevant
2293,19,positive
2293,3,irrelevant
2293,5,positive
2293,4,irrelevant
2299,24,positive
2299,6,negative
2299,11,positive
2299,7,positive
2299,25,positive
2299,26,positive
2299,19,negative
2299,3,negative
2299,4,positive
2307,28,positive
2307,24,positive
2307,29,irrelevant
2307,6,positive
2307,11,positive
2307,25,positive
2307,26,positive
2307,19,positive
2307,27,irrelevant
2307,4,positive
2316,28,irrelevant
2316,24,negative
2316,6,irrelevant
2316,11,irrelevant
2316,7,irrelevant
2316,25,irrelevant
2316,26,irrelevant
2316,19,irrelevant
2316,3,irrelevant
2316,27,positive
2316,5,irrelevant
2316,4,irrelevant
2318,28,negative
2318,24,negative
2318,29,irrelevant
2318,6,negative
2318,11,irrelevant
2318,7,negative
2318,25,negative
2318,26,negative
2318,19,irrelevant
2318,3,negative
2318,27,positive
2318,4,negative
2342,24,positive
2342,29,positive
2342,6,positive
2342,11,positive
2342,7,positive
2342,20,positive
2342,25,irrelevant
2342,26,irrelevant
2342,3,positive
2342,27,positive
2342,5,positive
2342,4,positive
2373,24,negative
2373,29,negative
2373,6,positive
2373,11,negative
2373,7,negative
2373,25,positive
2373,26,negative
2373,19,negative
2373,27,positive
2373,4,negative
2415,24,irrelevant
2415,6,irrelevant
2415,29,irrelevant
2415,20,irrelevant
2415,25,irrelevant
2415,26,irrelevant
2415,27,irrelevant
2415,4,irrelevant
2415,7,irrelevant
2415,11,irrelevant
2415,3,irrelevant
2415,19,irrelevant
2415,5,irrelevant
2431,24,irrelevant
2431,6,irrelevant
2431,29,irrelevant
2431,20,irrelevant
2431,25,irrelevant
2431,26,irrelevant
2431,27,irrelevant
2431,4,irrelevant
2431,7,irrelevant
2431,11,irrelevant
2431,3,irrelevant
2431,19,irrelevant
2431,5,irrelevant
2433,24,positive
2433,29,negative
2433,6,positive
2433,11,negative
2433,7,positive
2433,25,negative
2433,26,negative
2433,19,positive
2433,3,positive
2433,27,positive
2433,5,positive
2433,4,positive
2441,24,positive
2441,6,positive
2441,29,irrelevant
2441,20,negative
2441,25,positive
2441,26,positive
2441,27,positive
2441,4,positive
2441,7,positive
2441,11,positive
2441,3,positive
2441,19,positive
2441,5,positive
2445,24,negative
2445,29,negative
2445,6,irrelevant
2445,11,irrelevant
2445,7,negative
2445,25,positive
2445,26,negative
2445,19,irrelevant
2445,3,negative
2445,27,negative
2445,5,irrelevant
2445,4,negative
2452,24,irrelevant
2452,6,irrelevant
2452,11,irrelevant
2452,7,irrelevant
2452,20,irrelevant
2452,25,irrelevant
2452,26,irrelevant
2452,19,irrelevant
2452,3,irrelevant
2452,5,irrelevant
2452,4,irrelevant
2477,24,positive
2477,6,irrelevant
2477,29,negative
2477,11,positive
2477,7,positive
2477,25,negative
2477,19,irrelevant
2477,27,irrelevant
2477,5,irrelevant
2477,4,irrelevant
2478,24,negative
2478,6,negative
2478,29,negative
2478,11,positive
2478,7,negative
2478,25,negative
2478,19,negative
2478,3,negative
2478,27,positive
2478,5,negative
2478,4,negative
2480,24,irrelevant
2480,6,irrelevant
2480,29,irrelevant
2480,11,irrelevant
2480,7,irrelevant
2480,25,irrelevant
2480,19,irrelevant
2480,3,irrelevant
2480,27,irrelevant
2480,5,irrelevant
2480,4,irrelevant
2484,24,negative
2484,6,negative
2484,29,negative
2484,11,negative
2484,7,negative
2484,25,negative
2484,19,negative
2484,3,negative
2484,27,negative
2484,5,negative
2484,4,negative
2490,24,negative
2490,6,negative
2490,29,negative
2490,11,negative
2490,7,negative
2490,25,negative
2490,19,negative
2490,3,negative
2490,27,irrelevant
2490,5,negative
2490,4,negative
2517,24,negative
2517,6,negative
2517,29,positive
2517,11,positive
2517,7,negative
2517,25,negative
2517,19,negative
2517,3,negative
2517,27,irrelevant
2517,5,negative
2517,4,negative
2593,24,positive
2593,6,positive
2593,29,negative
2593,11,positive
2593,7,negative
2593,25,negative
2593,19,negative
2593,3,negative
2593,27,negative
2593,5,negative
2593,4,negative
2595,24,negative
2595,6,negative
2595,29,negative
2595,11,negative
2595,7,negative
2595,25,negative
2595,19,negative
2595,3,negative
2595,27,negative
2595,5,negative
2595,4,negative
2643,24,negative
2643,6,negative
2643,29,negative
2643,11,negative
2643,7,negative
2643,25,negative
2643,19,negative
2643,3,negative
2643,27,negative
2643,5,negative
2643,4,negative
2652,24,irrelevant
2652,6,irrelevant
2652,29,irrelevant
2652,11,irrelevant
2652,7,irrelevant
2652,25,irrelevant
2652,19,irrelevant
2652,3,irrelevant
2652,27,irrelevant
2652,5,irrelevant
2652,4,irrelevant
2661,24,irrelevant
2661,6,irrelevant
2661,29,irrelevant
2661,11,irrelevant
2661,7,irrelevant
2661,25,irrelevant
2661,19,irrelevant
2661,3,irrelevant
2661,27,irrelevant
2661,5,irrelevant
2661,4,irrelevant
2662,24,negative
2662,6,irrelevant
2662,29,irrelevant
2662,11,irrelevant
2662,7,negative
2662,25,negative
2662,19,irrelevant
2662,3,negative
2662,27,irrelevant
2662,5,irrelevant
2662,4,irrelevant
2669,6,positive
2669,11,irrelevant
2669,25,negative
2669,19,negative
2669,3,negative
2669,27,negative
2669,5,irrelevant
2669,4,irrelevant
2677,6,irrelevant
2677,7,positive
2677,10,negative
2677,11,positive
2677,25,positive
2677,19,irrelevant
2677,27,positive
2677,5,positive
2677,4,irrelevant
2684,6,irrelevant
2684,11,irrelevant
2684,25,irrelevant
2684,19,irrelevant
2684,27,positive
2684,5,irrelevant
2684,4,irrelevant
2686,6,irrelevant
2686,7,negative
2686,10,irrelevant
2686,11,negative
2686,25,negative
2686,19,irrelevant
2686,3,negative
2686,5,negative
2686,4,negative
2741,24,positive
2741,6,positive
2741,7,positive
2741,10,irrelevant
2741,11,positive
2741,25,positive
2741,19,irrelevant
2741,3,positive
2741,27,irrelevant
2741,5,positive
2741,4,positive
2745,6,positive
2745,11,positive
2745,25,positive
2745,19,positive
2745,27,positive
2745,5,positive
2745,4,irrelevant
2752,24,irrelevant
2752,6,irrelevant
2752,7,irrelevant
2752,10,irrelevant
2752,11,irrelevant
2752,25,irrelevant
2752,19,irrelevant
2752,3,irrelevant
2752,27,irrelevant
2752,5,irrelevant
2752,4,irrelevant
2759,6,irrelevant
2759,7,irrelevant
2759,10,irrelevant
2759,11,irrelevant
2759,25,irrelevant
2759,19,irrelevant
2759,3,irrelevant
2759,27,irrelevant
2759,5,irrelevant
2759,4,irrelevant
2815,6,negative
2815,11,negative
2815,25,negative
2815,19,negative
2815,3,negative
2815,27,irrelevant
2815,5,negative
2815,4,negative
2817,6,positive
2817,11,positive
2817,25,positive
2817,19,negative
2817,3,negative
2817,27,positive
2817,4,positive
2827,6,irrelevant
2827,7,irrelevant
2827,10,irrelevant
2827,11,irrelevant
2827,25,irrelevant
2827,19,irrelevant
2827,27,irrelevant
2827,5,irrelevant
2827,4,irrelevant
2831,6,irrelevant
2831,10,irrelevant
2831,11,irrelevant
2831,25,irrelevant
2831,19,irrelevant
2831,27,negative
2831,5,irrelevant
2831,4,irrelevant
2844,24,negative
2844,6,negative
2844,11,negative
2844,7,positive
2844,25,negative
2844,19,negative
2844,3,negative
2844,5,irrelevant
2844,4,negative
2855,24,irrelevant
2855,6,irrelevant
2855,11,positive
2855,7,positive
2855,25,irrelevant
2855,19,positive
2855,3,positive
2855,5,irrelevant
2855,4,positive
2857,24,positive
2857,6,irrelevant
2857,11,positive
2857,7,positive
2857,25,negative
2857,19,positive
2857,4,positive
2858,24,negative
2858,6,negative
2858,7,negative
2858,25,negative
2858,19,negative
2858,3,negative
2858,5,negative
2858,4,negative
2922,24,irrelevant
2922,6,irrelevant
2922,11,irrelevant
2922,7,irrelevant
2922,25,irrelevant
2922,19,irrelevant
2922,3,irrelevant
2922,5,irrelevant
2922,4,irrelevant
2941,24,positive
2941,6,positive
2941,11,positive
2941,7,positive
2941,25,positive
2941,19,positive
2941,3,positive
2941,5,positive
2941,4,irrelevant
2971,24,irrelevant
2971,6,irrelevant
2971,11,irrelevant
2971,7,irrelevant
2971,25,irrelevant
2971,19,irrelevant
2971,3,irrelevant
2971,5,irrelevant
2971,4,irrelevant
2974,24,irrelevant
2974,6,irrelevant
2974,11,irrelevant
2974,7,irrelevant
2974,25,irrelevant
2974,19,irrelevant
2974,3,irrelevant
2974,5,irrelevant
2974,4,irrelevant
2990,24,positive
2990,6,negative
2990,11,irrelevant
2990,7,negative
2990,25,negative
2990,19,positive
2990,3,positive
2990,5,positive
2990,4,positive
2992,24,positive
2992,6,irrelevant
2992,11,irrelevant
2992,7,positive
2992,25,irrelevant
2992,19,positive
2992,3,positive
2992,5,irrelevant
2992,4,positive
3006,24,positive
3006,6,positive
3006,11,irrelevant
3006,7,positive
3006,25,positive
3006,19,irrelevant
3006,5,positive
3006,4,positive
3014,24,irrelevant
3014,6,irrelevant
3014,11,irrelevant
3014,7,irrelevant
3014,25,irrelevant
3014,19,irrelevant
3014,3,irrelevant
3014,5,irrelevant
3014,4,irrelevant
3024,24,negative
3024,6,negative
3024,11,negative
3024,7,negative
3024,25,negative
3024,19,negative
3024,5,irrelevant
3024,4,negative
3026,24,positive
3026,6,positive
3026,11,positive
3026,7,positive
3026,25,negative
3026,19,irrelevant
3026,5,positive
3026,4,positive
3028,24,positive
3028,6,negative
3028,11,positive
3028,25,negative
3028,3,irrelevant
3028,19,negative
3028,5,irrelevant
3028,4,negative
3032,24,positive
3032,6,negative
3032,11,positive
3032,25,negative
3032,3,positive
3032,19,positive
3032,5,irrelevant
3032,4,negative
3035,24,irrelevant
3035,6,irrelevant
3035,11,irrelevant
3035,10,irrelevant
3035,7,irrelevant
3035,25,irrelevant
3035,3,irrelevant
3035,19,irrelevant
3035,27,irrelevant
3035,5,irrelevant
3035,4,irrelevant
3038,24,negative
3038,6,irrelevant
3038,11,irrelevant
3038,7,irrelevant
3038,25,irrelevant
3038,3,irrelevant
3038,19,irrelevant
3038,5,irrelevant
3038,4,irrelevant
3044,24,irrelevant
3044,6,irrelevant
3044,11,irrelevant
3044,7,irrelevant
3044,25,irrelevant
3044,3,irrelevant
3044,19,irrelevant
3044,4,irrelevant
3045,24,positive
3045,6,irrelevant
3045,11,irrelevant
3045,7,irrelevant
3045,25,irrelevant
3045,3,irrelevant
3045,19,irrelevant
3045,5,irrelevant
3045,4,irrelevant
3048,24,irrelevant
3048,6,irrelevant
3048,11,irrelevant
3048,7,irrelevant
3048,25,irrelevant
3048,3,irrelevant
3048,19,irrelevant
3048,5,irrelevant
3048,4,irrelevant
3050,24,irrelevant
3050,6,irrelevant
3050,11,irrelevant
3050,7,irrelevant
3050,25,irrelevant
3050,3,irrelevant
3050,19,irrelevant
3050,5,irrelevant
3050,4,irrelevant
3051,24,irrelevant
3051,6,irrelevant
3051,11,irrelevant
3051,7,irrelevant
3051,25,irrelevant
3051,3,irrelevant
3051,19,irrelevant
3051,5,irrelevant
3051,4,irrelevant
3052,24,irrelevant
3052,6,irrelevant
3052,11,irrelevant
3052,7,irrelevant
3052,25,irrelevant
3052,19,irrelevant
3052,5,irrelevant
3052,4,irrelevant
3054,24,positive
3054,11,positive
3054,7,positive
3054,25,positive
3054,31,positive
3054,19,positive
3054,3,positive
3054,30,positive
3054,27,positive
3054,5,irrelevant
3054,4,positive
3055,24,positive
3055,10,negative
3055,11,irrelevant
3055,7,negative
3055,25,negative
3055,31,positive
3055,19,negative
3055,3,negative
3055,30,negative
3055,27,positive
3055,5,irrelevant
3055,4,positive
3056,24,negative
3056,11,negative
3056,7,negative
3056,25,negative
3056,31,negative
3056,19,negative
3056,3,negative
3056,30,negative
3056,27,positive
3056,4,negative
3058,24,irrelevant
3058,10,negative
3058,11,irrelevant
3058,7,irrelevant
3058,25,irrelevant
3058,31,irrelevant
3058,19,irrelevant
3058,30,irrelevant
3058,27,irrelevant
3058,5,irrelevant
3058,4,negative
3067,24,positive
3067,11,positive
3067,7,positive
3067,25,positive
3067,31,positive
3067,19,positive
3067,3,positive
3067,30,positive
3067,27,irrelevant
3067,4,positive
3084,24,irrelevant
3084,10,irrelevant
3084,11,irrelevant
3084,7,irrelevant
3084,25,irrelevant
3084,31,irrelevant
3084,19,irrelevant
3084,3,irrelevant
3084,30,irrelevant
3084,27,irrelevant
3084,5,irrelevant
3084,4,irrelevant
3102,24,positive
3102,11,irrelevant
3102,7,negative
3102,25,negative
3102,31,positive
3102,19,irrelevant
3102,27,positive
3102,5,irrelevant
3102,4,irrelevant
3117,24,irrelevant
3117,10,irrelevant
3117,11,irrelevant
3117,7,irrelevant
3117,25,irrelevant
3117,31,irrelevant
3117,19,irrelevant
3117,3,irrelevant
3117,30,irrelevant
3117,27,irrelevant
3117,5,irrelevant
3117,4,irrelevant
3139,24,positive
3139,11,positive
3139,7,positive
3139,25,positive
3139,31,positive
3139,19,positive
3139,3,positive
3139,30,negative
3139,27,positive
3139,5,positive
3139,4,positive
3142,24,positive
3142,10,negative
3142,11,positive
3142,7,positive
3142,25,positive
3142,31,negative
3142,19,positive
3142,3,positive
3142,30,positive
3142,27,positive
3142,5,irrelevant
3142,4,positive
3144,24,negative
3144,11,positive
3144,7,positive
3144,25,negative
3144,31,negative
3144,19,positive
3144,30,positive
3144,27,positive
3144,5,irrelevant
3144,4,irrelevant
3146,24,positive
3146,11,irrelevant
3146,7,irrelevant
3146,25,irrelevant
3146,31,irrelevant
3146,19,irrelevant
3146,30,irrelevant
3146,27,positive
3146,5,positive
3146,4,irrelevant
3162,24,negative
3162,7,negative
3162,11,negative
3162,25,negative
3162,31,negative
3162,19,negative
3162,3,negative
3162,30,negative
3162,27,negative
3162,5,negative
3162,4,negative
3163,24,positive
3163,7,positive
3163,10,positive
3163,11,positive
3163,25,negative
3163,31,positive
3163,19,positive
3163,3,positive
3163,27,positive
3163,5,irrelevant
3163,4,positive
3165,24,negative
3165,7,negative
3165,10,irrelevant
3165,11,negative
3165,25,negative
3165,31,negative
3165,19,negative
3165,3,positive
3165,30,negative
3165,27,negative
3165,5,negative
3165,4,negative
3179,24,positive
3179,7,positive
3179,10,irrelevant
3179,11,negative
3179,25,positive
3179,31,positive
3179,19,positive
3179,3,positive
3179,27,positive
3179,5,positive
3179,4,positive
3191,24,negative
3191,7,negative
3191,10,irrelevant
3191,11,positive
3191,25,positive
3191,31,positive
3191,19,negative
3191,3,positive
3191,27,positive
3191,5,positive
3191,4,negative
3210,21,irrelevant
3210,24,irrelevant
3210,7,irrelevant
3210,11,irrelevant
3210,25,irrelevant
3210,31,irrelevant
3210,19,irrelevant
3210,3,irrelevant
3210,30,irrelevant
3210,27,irrelevant
3210,5,irrelevant
3210,4,irrelevant
3215,21,irrelevant
3215,24,negative
3215,10,irrelevant
3215,31,irrelevant
3215,25,irrelevant
3215,27,irrelevant
3215,4,irrelevant
3215,11,irrelevant
3215,7,irrelevant
3215,3,irrelevant
3215,19,irrelevant
3215,30,irrelevant
3215,5,irrelevant
3281,21,irrelevant
3281,24,irrelevant
3281,10,irrelevant
3281,31,irrelevant
3281,25,irrelevant
3281,27,irrelevant
3281,4,irrelevant
3281,11,irrelevant
3281,7,irrelevant
3281,3,irrelevant
3281,19,irrelevant
3281,30,irrelevant
3281,5,irrelevant
3296,24,negative
3296,7,negative
3296,10,irrelevant
3296,11,negative
3296,25,negative
3296,31,negative
3296,19,negative
3296,3,negative
3296,27,irrelevant
3296,5,irrelevant
3296,4,negative
3299,24,negative
3299,7,negative
3299,11,negative
3299,25,irrelevant
3299,31,negative
3299,19,negative
3299,3,negative
3299,27,irrelevant
3299,5,irrelevant
3299,4,negative
3310,24,irrelevant
3310,7,irrelevant
3310,11,irrelevant
3310,25,positive
3310,31,positive
3310,19,irrelevant
3310,3,irrelevant
3310,30,positive
3310,27,positive
3310,5,irrelevant
3310,4,irrelevant
3316,24,positive
3316,7,irrelevant
3316,10,positive
3316,11,irrelevant
3316,25,irrelevant
3316,31,irrelevant
3316,19,irrelevant
3316,3,irrelevant
3316,27,positive
3316,5,irrelevant
3316,4,irrelevant
3325,6,negative
3325,10,positive
3325,11,irrelevant
3325,7,negative
3325,25,negative
3325,31,negative
3325,19,negative
3325,3,negative
3325,27,positive
3325,4,irrelevant
3325,5,irrelevant
3335,6,irrelevant
3335,10,irrelevant
3335,11,irrelevant
3335,7,positive
3335,25,irrelevant
3335,31,irrelevant
3335,19,irrelevant
3335,27,irrelevant
3335,4,irrelevant
3335,5,irrelevant
3337,6,positive
3337,10,irrelevant
3337,11,positive
3337,25,positive
3337,31,positive
3337,19,positive
3337,3,positive
3337,27,positive
3337,4,positive
3337,5,positive
3342,6,irrelevant
3342,10,positive
3342,11,irrelevant
3342,7,positive
3342,25,positive
3342,31,positive
3342,19,negative
3342,3,positive
3342,27,positive
3342,4,irrelevant
3342,5,irrelevant
3352,6,irrelevant
3352,10,positive
3352,11,irrelevant
3352,7,positive
3352,25,irrelevant
3352,31,positive
3352,19,positive
3352,3,irrelevant
3352,27,positive
3352,4,positive
3352,5,irrelevant
3384,6,irrelevant
3384,10,irrelevant
3384,11,irrelevant
3384,7,irrelevant
3384,25,irrelevant
3384,31,irrelevant
3384,19,irrelevant
3384,3,irrelevant
3384,27,irrelevant
3384,4,irrelevant
3384,5,irrelevant
3406,6,irrelevant
3406,10,irrelevant
3406,11,irrelevant
3406,7,irrelevant
3406,25,irrelevant
3406,31,irrelevant
3406,19,irrelevant
3406,3,irrelevant
3406,27,irrelevant
3406,4,irrelevant
3406,5,irrelevant
3459,6,negative
3459,10,irrelevant
3459,11,negative
3459,7,negative
3459,25,irrelevant
3459,31,negative
3459,19,negative
3459,3,negative
3459,27,negative
3459,4,negative
3459,5,irrelevant
3464,6,irrelevant
3464,10,irrelevant
3464,11,irrelevant
3464,7,positive
3464,25,irrelevant
3464,31,irrelevant
3464,19,positive
3464,3,positive
3464,27,positive
3464,4,positive
3464,5,irrelevant
3471,6,positive
3471,10,irrelevant
3471,11,positive
3471,7,irrelevant
3471,25,irrelevant
3471,31,negative
3471,19,irrelevant
3471,3,positive
3471,27,positive
3471,4,negative
3471,5,irrelevant
3480,6,irrelevant
3480,10,irrelevant
3480,11,irrelevant
3480,7,irrelevant
3480,25,irrelevant
3480,31,irrelevant
3480,19,irrelevant
3480,3,irrelevant
3480,27,irrelevant
3480,4,irrelevant
3480,5,irrelevant
3488,24,irrelevant
3488,6,irrelevant
3488,10,irrelevant
3488,31,irrelevant
3488,25,irrelevant
3488,27,irrelevant
3488,4,irrelevant
3488,7,irrelevant
3488,11,irrelevant
3488,3,irrelevant
3488,19,irrelevant
3488,30,irrelevant
3488,5,irrelevant
3506,24,negative
3506,32,positive
3506,29,irrelevant
3506,6,negative
3506,10,irrelevant
3506,25,irrelevant
3506,31,negative
3506,4,negative
3506,7,negative
3506,11,irrelevant
3506,3,negative
3506,19,negative
3506,5,irrelevant
3511,24,positive
3511,32,positive
3511,29,irrelevant
3511,6,positive
3511,10,irrelevant
3511,25,irrelevant
3511,31,positive
3511,4,irrelevant
3511,7,positive
3511,11,positive
3511,3,positive
3511,19,negative
3511,5,irrelevant
3520,24,positive
3520,32,positive
3520,29,negative
3520,6,positive
3520,10,irrelevant
3520,25,irrelevant
3520,31,irrelevant
3520,4,irrelevant
3520,7,positive
3520,11,irrelevant
3520,3,positive
3520,19,irrelevant
3520,5,irrelevant
3531,24,negative
3531,32,negative
3531,6,negative
3531,29,irrelevant
3531,11,negative
3531,7,negative
3531,31,negative
3531,25,negative
3531,19,negative
3531,3,negative
3531,5,negative
3531,4,negative
3541,24,negative
3541,32,negative
3541,29,negative
3541,6,negative
3541,10,irrelevant
3541,25,negative
3541,31,negative
3541,4,negative
3541,7,negative
3541,11,negative
3541,3,negative
3541,19,negative
3541,5,negative
3627,24,irrelevant
3627,32,irrelevant
3627,29,irrelevant
3627,6,irrelevant
3627,10,irrelevant
3627,25,irrelevant
3627,31,irrelevant
3627,27,irrelevant
3627,4,irrelevant
3627,7,irrelevant
3627,11,irrelevant
3627,19,irrelevant
3627,30,irrelevant
3627,5,irrelevant
3645,24,irrelevant
3645,32,irrelevant
3645,29,irrelevant
3645,6,irrelevant
3645,10,irrelevant
3645,25,irrelevant
3645,31,irrelevant
3645,27,irrelevant
3645,4,irrelevant
3645,7,irrelevant
3645,11,irrelevant
3645,3,irrelevant
3645,19,irrelevant
3645,5,irrelevant
3646,24,irrelevant
3646,32,irrelevant
3646,29,irrelevant
3646,6,irrelevant
3646,10,irrelevant
3646,25,irrelevant
3646,31,irrelevant
3646,27,irrelevant
3646,4,irrelevant
3646,7,irrelevant
3646,11,irrelevant
3646,3,irrelevant
3646,19,irrelevant
3646,30,irrelevant
3646,5,irrelevant
3658,24,negative
3658,32,positive
3658,6,irrelevant
3658,29,negative
3658,11,negative
3658,10,irrelevant
3658,7,negative
3658,31,negative
3658,25,irrelevant
3658,19,negative
3658,5,irrelevant
3658,4,negative
3665,24,positive
3665,32,positive
3665,29,negative
3665,6,positive
3665,10,irrelevant
3665,25,positive
3665,31,positive
3665,4,positive
3665,7,positive
3665,11,positive
3665,3,positive
3665,19,positive
3665,5,positive
3669,24,irrelevant
3669,32,irrelevant
3669,29,irrelevant
3669,6,irrelevant
3669,10,irrelevant
3669,25,irrelevant
3669,31,irrelevant
3669,4,irrelevant
3669,7,irrelevant
3669,11,irrelevant
3669,3,irrelevant
3669,19,irrelevant
3669,30,irrelevant
3669,5,irrelevant
3683,24,irrelevant
3683,32,irrelevant
3683,29,irrelevant
3683,6,irrelevant
3683,10,irrelevant
3683,25,irrelevant
3683,31,irrelevant
3683,4,irrelevant
3683,7,irrelevant
3683,11,irrelevant
3683,3,irrelevant
3683,19,irrelevant
3683,5,irrelevant
3698,24,positive
3698,6,irrelevant
3698,29,irrelevant
3698,7,positive
3698,25,negative
3698,31,irrelevant
3698,19,negative
3698,30,positive
3698,5,irrelevant
3698,4,positive
3700,24,negative
3700,6,negative
3700,29,irrelevant
3700,10,irrelevant
3700,7,irrelevant
3700,25,irrelevant
3700,31,irrelevant
3700,19,irrelevant
3700,3,irrelevant
3700,30,positive
3700,5,irrelevant
3700,4,irrelevant
3706,24,positive
3706,29,irrelevant
3706,6,positive
3706,10,negative
3706,31,positive
3706,25,positive
3706,27,positive
3706,4,positive
3706,7,positive
3706,3,irrelevant
3706,19,negative
3706,30,positive
3706,5,positive
3711,24,negative
3711,6,negative
3711,29,negative
3711,10,positive
3711,7,positive
3711,25,negative
3711,31,negative
3711,19,negative
3711,3,negative
3711,30,positive
3711,4,negative
3740,24,positive
3740,6,irrelevant
3740,29,irrelevant
3740,7,positive
3740,10,positive
3740,25,negative
3740,19,irrelevant
3740,3,irrelevant
3740,30,positive
3740,5,irrelevant
3740,4,positive
3787,24,positive
3787,6,negative
3787,29,negative
3787,10,positive
3787,7,positive
3787,25,negative
3787,31,irrelevant
3787,19,negative
3787,3,negative
3787,30,negative
3787,4,negative
3815,24,negative
3815,29,negative
3815,10,irrelevant
3815,7,negative
3815,25,negative
3815,31,negative
3815,19,negative
3815,3,negative
3815,27,positive
3815,5,negative
3815,4,negative
3822,24,negative
3822,6,negative
3822,29,irrelevant
3822,10,negative
3822,25,irrelevant
3822,31,irrelevant
3822,19,irrelevant
3822,3,irrelevant
3822,30,irrelevant
3822,5,negative
3822,4,negative
3867,6,negative
3867,29,negative
3867,10,negative
3867,25,negative
3867,31,negative
3867,19,negative
3867,3,negative
3867,30,negative
3867,5,negative
3867,4,positive
3870,24,irrelevant
3870,6,irrelevant
3870,29,irrelevant
3870,10,irrelevant
3870,7,irrelevant
3870,25,irrelevant
3870,31,irrelevant
3870,19,irrelevant
3870,3,irrelevant
3870,30,irrelevant
3870,5,irrelevant
3870,4,irrelevant
3871,24,irrelevant
3871,6,irrelevant
3871,29,irrelevant
3871,10,irrelevant
3871,7,irrelevant
3871,25,irrelevant
3871,31,positive
3871,19,irrelevant
3871,3,irrelevant
3871,30,positive
3871,5,irrelevant
3871,4,irrelevant
3877,24,irrelevant
3877,6,irrelevant
3877,29,irrelevant
3877,10,irrelevant
3877,7,irrelevant
3877,25,irrelevant
3877,31,irrelevant
3877,19,irrelevant
3877,3,irrelevant
3877,30,irrelevant
3877,5,irrelevant
3877,4,irrelevant
